Meeting Title,Date,Time,Location,Chairperson,Secretary,Attendees,Agenda Item,Discussion Summary,Decision,Action Item,Responsible Person,Deadline,Notes
Staff Meeting,April 17, 2025,9:00 AM - 10:30 AM,Conference Room A,Dr. Maria Santos,Juan Cruz,Dr. Maria Santos, Juan Cruz, Ana Reyes, Carlos Mendoza, Lisa Tan,Call to Order,The meeting was called to order at 9:00 AM by Dr. Maria Santos.,Approved the agenda as presented.,None,None,None,Regular monthly staff meeting
Staff Meeting,April 17, 2025,9:00 AM - 10:30 AM,Conference Room A,Dr. Maria Santos,Juan Cruz,Dr. Maria Santos, Juan Cruz, Ana Reyes, Carlos Mendoza, Lisa Tan,Approval of Previous Minutes,The minutes from the March 2025 meeting were reviewed and discussed.,Approved with minor corrections.,Update attendance records,Ana Reyes,April 24, 2025,Correction: Date of March meeting was March 15, not March 18
Staff Meeting,April 17, 2025,9:00 AM - 10:30 AM,Conference Room A,Dr. Maria Santos,Juan Cruz,Dr. Maria Santos, Juan Cruz, Ana Reyes, Carlos Mendoza, Lisa Tan,Budget Planning for FY 2026,Discussion focused on departmental budget requests and allocation priorities.,Budget proposal to be submitted by May 15,Prepare budget proposal,Dr. Maria Santos,May 15, 2025,Include all departmental requests
Staff Meeting,April 17, 2025,9:00 AM - 10:30 AM,Conference Room A,Dr. Maria Santos,Juan Cruz,Dr. Maria Santos, Juan Cruz, Ana Reyes, Carlos Mendoza, Lisa Tan,Budget Planning for FY 2026,Discussion focused on departmental budget requests and allocation priorities.,Budget proposal to be submitted by May 15,Review departmental requests,Carlos Mendoza,May 10, 2025,Submit to Dr. Santos for consolidation
Staff Meeting,April 17, 2025,9:00 AM - 10:30 AM,Conference Room A,Dr. Maria Santos,Juan Cruz,Dr. Maria Santos, Juan Cruz, Ana Reyes, Carlos Mendoza, Lisa Tan,New Leave Policy Implementation,The new leave policy effective June 1 was reviewed and implementation steps discussed.,Approved implementation plan starting June 1,Update staff handbook,Ana Reyes,May 1, 2025,Include new leave policy details
Staff Meeting,April 17, 2025,9:00 AM - 10:30 AM,Conference Room A,Dr. Maria Santos,Juan Cruz,Dr. Maria Santos, Juan Cruz, Ana Reyes, Carlos Mendoza, Lisa Tan,New Leave Policy Implementation,The new leave policy effective June 1 was reviewed and implementation steps discussed.,Approved implementation plan starting June 1,Announce policy to staff,Dr. Maria Santos,May 15, 2025,Schedule staff briefing
Staff Meeting,April 17, 2025,9:00 AM - 10:30 AM,Conference Room A,Dr. Maria Santos,Juan Cruz,Dr. Maria Santos, Juan Cruz, Ana Reyes, Carlos Mendoza, Lisa Tan,Software System Upgrade,Discussion on the new software system to be implemented in Q3.,Agreed to proceed with implementation by Q3 2025,Schedule follow-up meeting with IT,Juan Cruz,April 30, 2025,Discuss implementation timeline
Staff Meeting,April 17, 2025,9:00 AM - 10:30 AM,Conference Room A,Dr. Maria Santos,Juan Cruz,Dr. Maria Santos, Juan Cruz, Ana Reyes, Carlos Mendoza, Lisa Tan,Upcoming Campus Events,Planning for upcoming campus events including Science Fair and Foundation Day.,Events scheduled for May and June,Prepare event proposal,Lisa Tan,May 5, 2025,Submit for approval
Staff Meeting,April 17, 2025,9:00 AM - 10:30 AM,Conference Room A,Dr. Maria Santos,Juan Cruz,Dr. Maria Santos, Juan Cruz, Ana Reyes, Carlos Mendoza, Lisa Tan,Staff Training Schedule,Discussion on training needs and schedule for the coming months.,Monthly training sessions to be held,Prepare training calendar,Ana Reyes,May 8, 2025,Include Google Workspace and NotebookLM training
Staff Meeting,April 17, 2025,9:00 AM - 10:30 AM,Conference Room A,Dr. Maria Santos,Juan Cruz,Dr. Maria Santos, Juan Cruz, Ana Reyes, Carlos Mendoza, Lisa Tan,Other Matters,Open floor for other items and announcements.,None,None,None,None,Next meeting scheduled for May 15, 2025 at 9:00 AM
,,,,,,,,,,,,,
,,,,,,,,,,,,,
,,,,,,,,,,,,,
,,,,,,,,,,,,,
,,,,,,,,,,,,,
,,,,,,,,,,,,,
,,,,,,,,,,,,,
,,,,,,,,,,,,,
,,,,,,,,,,,,,
,,,,,,,,,,,,,
,,,,,,,,,,,,,
,,,,,,,,,,,,,
,,,,,,,,,,,,,
,,,,,,,,,,,,,
,,,,,,,,,,,,,
,,,,,,,,,,,,,
,,,,,,,,,,,,,
,,,,,,,,,,,,,
,,,,,,,,,,,,,
,,,,,,,,,,,,,
,,,,,,,,,,,,,
,,,,,,,,,,,,,
,,,,,,,,,,,,,
,,,,,,,,,,,,,
