Date/Time Received,Control Number,Source/Sender,Subject Matter,Date Released,Personnel/Office Assigned,Remarks
,,,,,,,,,
,,,,,,,,,
,,,,,,,,,
,,,,,,,,,
,,,,,,,,,
,,,,,,,,,
,,,,,,,,,
,,,,,,,,,
,,,,,,,,,
,,,,,,,,,
,,,,,,,,,
,,,,,,,,,
,,,,,,,,,
,,,,,,,,,
,,,,,,,,,
,,,,,,,,,
,,,,,,,,,
,,,,,,,,,
,,,,,,,,,
,,,,,,,,,
,,,,,,,,,
,,,,,,,,,
,,,,,,,,,
,,,,,,,,,
,,,,,,,,,
,,,,,,,,,
,,,,,,,,,
,,,,,,,,,
,,,,,,,,,
,,,,,,,,,
,,,,,,,,,
,,,,,,,,,
,,,,,,,,,
,,,,,,,,,
,,,,,,,,,
,,,,,,,,,
,,,,,,,,,
,,,,,,,,,
,,,,,,,,,
,,,,,,,,,
,,,,,,,,,
,,,,,,,,,
,,,,,,,,,
,,,,,,,,,
Valid Offices,,,,,,,
Campus Director,,,,,,,
Executive Director,,,,,,,
HRU,,,,,,,
GSU,,,,,,,
ACU,,,,,,,
PRU,,,,,,,
ITU,,,,,,,
HSU,,,,,,,
LIB,,,,,,,
REG,,,,,,,
RHU,,,,,,,
RMU,,,,,,,
Other,,,,,,,
