Folder Name,Description,Contents,Shared With,Access Level,Notes
2026_Work_Files,Main folder for 2026 work files,,,,Create as top-level folder
01_Official_Documents,Official PSHS documents,,,,Subfolder of 2026_Work_Files
02_Projects,Project-related files,,,,Subfolder of 2026_Work_Files
03_Training_Materials,Training and workshop materials,,,,Subfolder of 2026_Work_Files
04_Templates,Document and file templates,,,,Subfolder of 2026_Work_Files
Session0_Practice,Practice folder for Session 0 training,,,,Create for training purposes
01_Emails,Email-related practice files,,,,Subfolder of Session0_Practice
02_Documents,Document-related practice files,,,,Subfolder of Session0_Practice
03_Calendar,Calendar-related practice files,,,,Subfolder of Session0_Practice
,,,,,,,,,
,,,,,,,,,
,,,,,,,,,
,,,,,,,,,
,,,,,,,,,
,,,,,,,,,
,,,,,,,,,
,,,,,,,,,
,,,,,,,,,
,,,,,,,,,
,,,,,,,,,
,,,,,,,,,
,,,,,,,,,
,,,,,,,,,
,,,,,,,,,
,,,,,,,,,
,,,,,,,,,
,,,,,,,,,
,,,,,,,,,
,,,,,,,,,
,,,,,,,,,
,,,,,,,,,
,,,,,,,,,
,,,,,,,,,
,,,,,,,,,
,,,,,,,,,
,,,,,,,,,
,,,,,,,,,
,,,,,,,,,
,,,,,,,,,
,,,,,,,,,
,,,,,,,,,
,,,,,,,,,
,,,,,,,,,
,,,,,,,,,
,,,,,,,,,
,,,,,,,,,
,,,,,,,,,
,,,,,,,,,
,,,,,,,,,
,,,,,,,,,
,,,,,,,,,
,,,,,,,,,
,,,,,,,,,
,,,,,,,,,
,,,,,,,,,
,,,,,,,,,
,,,,,,,,,
,,,,,,,,,
,,,,,,,,,
,,,,,,,,,
,,,,,,,,,
,,,,,,,,,
,,,,,,,,,
,,,,,,,,,
